Wavelength,Air,Glass,SS,MC,DS,2SS1MC,2MC1SS,2SS1DS,2DS1SS,1SS1MC1DS
800,100.016027,91.763257,89.949866,91.131258,86.316561,54.504417,79.731967,74.350557,75.818592,71.493124
798,100.020743,91.753873,89.933128,91.115575,86.301319,54.512968,79.733733,74.332691,75.821323,71.501665
796,100.015545,91.745893,89.936358,91.11466,86.295631,54.495062,79.717613,74.340235,75.799611,71.485388
794,100.004372,91.724217,89.935869,91.120006,86.254827,54.49344,79.703759,74.320375,75.784899,71.470369
792,100.012074,91.744856,89.942194,91.123037,86.253972,54.489768,79.693273,74.313302,75.775298,71.462789
790,100.029765,91.761383,89.938182,91.113279,86.267513,54.500363,79.696509,74.300257,75.779672,71.464625
788,100.038817,91.748592,89.922585,91.108676,86.238902,54.485684,79.679797,74.267277,75.752189,71.459037
786,100.057269,91.736796,89.921648,91.128089,86.237595,54.500799,79.667586,74.264882,75.734831,71.452148
784,100.012612,91.759994,89.894319,91.121627,86.185795,54.468998,79.644856,74.238694,75.685115,71.417286
782,100.027848,91.757121,89.912446,91.122966,86.198373,54.494499,79.648636,74.238597,75.683933,71.414508
780,100.012135,91.764125,89.879292,91.108806,86.151599,54.48349,79.605983,74.202762,75.66135,71.373736
778,100.025054,91.767936,89.900104,91.110252,86.142673,54.493495,79.589822,74.178477,75.673944,71.384428
776,100.035211,91.777338,89.933042,91.134781,86.118964,54.495486,79.57914,74.172119,75.64937,71.402131
774,100.01085,91.760883,89.900384,91.11755,86.091041,54.480343,79.557722,74.166874,75.623659,71.376996
772,100.000799,91.78584,89.871138,91.113766,86.071931,54.483686,79.552727,74.136015,75.601743,71.364323
770,99.999088,91.764604,89.879161,91.110235,86.043431,54.47766,79.533383,74.115088,75.580108,71.34181
768,100.00638,91.768255,89.885286,91.141337,86.020067,54.489485,79.537477,74.115666,75.570407,71.365911
766,100.017185,91.744381,89.877088,91.13625,85.999909,54.48434,79.525652,74.099672,75.547753,71.343265
764,100.01979,91.790169,89.897047,91.154955,85.989118,54.491275,79.540466,74.111901,75.553946,71.353149
762,100.039771,91.780149,89.895004,91.155756,85.940593,54.515642,79.524107,74.097019,75.547425,71.350749
760,100.031779,91.796345,89.871737,91.148807,85.909436,54.505215,79.530553,74.075423,75.507645,71.324024
758,100.038668,91.765408,89.895688,91.162086,85.866414,54.507745,79.546328,74.074213,75.492447,71.319048
756,100.031942,91.771866,89.874484,91.166793,85.799449,54.511298,79.541683,74.065373,75.478541,71.307566
754,100.031231,91.783835,89.864169,91.178121,85.767177,54.512156,79.530544,74.048991,75.468517,71.310648
752,100.027355,91.809753,89.856226,91.162956,85.743983,54.534161,79.54425,74.047054,75.441389,71.302921
750,100.017953,91.796127,89.834717,91.176245,85.685025,54.532921,79.535631,74.018328,75.409877,71.290784
748,100.022557,91.771855,89.830233,91.174878,85.643923,54.539672,79.532453,73.994505,75.382009,71.268785
746,100.031434,91.796915,89.832622,91.186763,85.586329,54.548353,79.543001,73.994056,75.354731,71.263128
744,100.032747,91.819909,89.817672,91.173598,85.516611,54.553025,79.553419,73.96069,75.319429,71.230945
742,100.01551,91.814091,89.816888,91.174943,85.448699,54.553526,79.537229,73.944509,75.269521,71.222104
740,100.034583,91.782126,89.825534,91.206173,85.397854,54.565339,79.557872,73.932127,75.25348,71.21419
738,100.036,91.795509,89.828659,91.202819,85.322742,54.564683,79.553692,73.900044,75.201195,71.197369
736,100.003472,91.79367,89.811805,91.186642,85.226328,54.56151,79.53816,73.861302,75.134561,71.174569
734,100.008614,91.810419,89.806893,91.222553,85.151237,54.577512,79.553822,73.848448,75.095513,71.15921
732,100.007822,91.805586,89.818417,91.216323,85.081293,54.583366,79.557162,73.829547,75.062967,71.146931
730,100.007701,91.801304,89.816581,91.201348,85.001814,54.587823,79.544661,73.804483,74.993834,71.112401
728,100.014379,91.81641,89.807488,91.222207,84.907355,54.589311,79.535613,73.800604,74.93666,71.098681
726,100.01336,91.816881,89.807115,91.233627,84.838873,54.587538,79.538969,73.777256,74.860305,71.093347
724,100.013566,91.812398,89.800884,91.2396,84.749253,54.599154,79.546723,73.748157,74.808568,71.079893
722,100.020212,91.818259,89.788348,91.252296,84.663421,54.605183,79.542713,73.720684,74.741627,71.063211
720,100.007653,91.821146,89.77089,91.254739,84.590616,54.599733,79.535457,73.692564,74.669301,71.034103
718,100.015177,91.841059,89.75867,91.259714,84.493384,54.600894,79.530965,73.672351,74.611086,71.009688
716,100.003319,91.824963,89.749345,91.253251,84.411553,54.604923,79.516502,73.645915,74.525646,70.981831
714,100.023869,91.82197,89.751807,91.270692,84.331337,54.610913,79.526598,73.61151,74.464495,70.96802
712,100.034877,91.830931,89.747079,91.273699,84.233611,54.621248,79.518881,73.580714,74.40594,70.943012
710,100.02381,91.823099,89.737643,91.279201,84.144934,54.620982,79.511,73.551889,74.325589,70.912225
708,100.015521,91.804363,89.728929,91.269161,84.049822,54.612383,79.490552,73.502012,74.228316,70.856693
706,100.01616,91.823522,89.697704,91.273219,83.966401,54.613041,79.468511,73.458536,74.119654,70.818241
704,100.010321,91.816528,89.6709,91.291588,83.870086,54.611072,79.455218,73.412415,74.014862,70.778756
702,100.007237,91.827061,89.673996,91.285978,83.773265,54.608568,79.446685,73.377189,73.895546,70.728276
700,99.99989,91.841186,89.648753,91.273298,83.660473,54.597604,79.412496,73.314482,73.747176,70.669586
698,100.014329,91.82422,89.637048,91.291502,83.54297,54.593256,79.393655,73.251776,73.591855,70.611869
696,100.034527,91.819554,89.63731,91.300851,83.427191,54.587988,79.373394,73.202938,73.418625,70.548264
694,100.0299,91.843126,89.610476,91.294939,83.28981,54.578311,79.340554,73.117774,73.18816,70.46242
692,100.032589,91.855447,89.59441,91.307584,83.134309,54.573298,79.307733,73.008399,72.922185,70.351333
690,100.033856,91.844082,89.571701,91.314051,82.957847,54.54682,79.261845,72.886509,72.61076,70.222309
688,100.019569,91.82792,89.524134,91.298359,82.738482,54.507424,79.192423,72.734438,72.229132,70.06799
686,100.018242,91.826725,89.475004,91.306789,82.519002,54.476307,79.124501,72.552445,71.791283,69.878931
684,100.018654,91.851292,89.420387,91.323978,82.256219,54.434427,79.057467,72.353253,71.281724,69.671503
682,100.007149,91.827271,89.342835,91.320331,81.95005,54.377744,78.974761,72.113583,70.724234,69.440491
680,100.009737,91.836566,89.275653,91.329405,81.61933,54.320962,78.900431,71.872796,70.148911,69.191655
678,100.014805,91.831317,89.208524,91.339046,81.245461,54.262881,78.830617,71.639254,69.576921,68.951327
676,100.013707,91.827616,89.142014,91.321059,80.81083,54.204879,78.748137,71.424393,69.049451,68.73267
674,100.008948,91.82194,89.096541,91.31309,80.327049,54.155167,78.679407,71.251488,68.665694,68.562628
672,100.014754,91.834073,89.077124,91.326294,79.80346,54.129329,78.629929,71.156462,68.454228,68.477059
670,100.012156,91.850527,89.064823,91.331335,79.253704,54.115739,78.604915,71.129588,68.422876,68.464938
668,100.007951,91.855739,89.080162,91.318242,78.676945,54.124689,78.598076,71.168542,68.583721,68.521292
666,100.004079,91.853632,89.110018,91.318926,78.109591,54.153778,78.621246,71.283228,68.922014,68.665167
664,100.003431,91.834429,89.147687,91.314226,77.583238,54.198305,78.672029,71.452236,69.381442,68.8564
662,100.016817,91.839529,89.197802,91.327307,77.161023,54.259279,78.733436,71.658971,69.91325,69.085162
660,100.011984,91.840885,89.250148,91.336239,76.885437,54.322251,78.788877,71.860779,70.445049,69.302386
658,100.007589,91.846209,89.284985,91.331962,76.785399,54.377789,78.854074,72.032814,70.951554,69.509874
656,100.007474,91.845731,89.309455,91.329114,76.874185,54.424756,78.928223,72.179087,71.3923,69.681954
654,100.008747,91.842113,89.334491,91.337141,77.158062,54.470362,78.991113,72.308183,71.752881,69.827564
652,100.01396,91.856791,89.350123,91.338023,77.606868,54.511033,79.045842,72.40981,72.050572,69.940653
650,100.010007,91.866693,89.35572,91.334189,78.150072,54.542687,79.08714,72.480496,72.275346,70.02125
648,99.997873,91.856592,89.365058,91.333338,78.742667,54.572054,79.123219,72.528217,72.439833,70.078344
646,100.003507,91.855446,89.37329,91.339125,79.336574,54.59568,79.159002,72.555458,72.56396,70.124173
644,100.003928,91.848127,89.366267,91.342315,79.865269,54.61322,79.18238,72.561685,72.644817,70.147259
642,100.013261,91.850106,89.373121,91.346413,80.331792,54.626909,79.205061,72.558819,72.701504,70.160656
640,100.021625,91.846776,89.37751,91.35057,80.711862,54.63923,79.217094,72.543692,72.734182,70.163257
638,100.019382,91.8342,89.369391,91.356785,81.006958,54.647509,79.221968,72.515519,72.743449,70.148631
636,100.015133,91.84157,89.350652,91.357682,81.217341,54.650373,79.217929,72.486238,72.737884,70.126606
634,100.005604,91.862664,89.334313,91.351569,81.356115,54.647543,79.206166,72.445998,72.71371,70.098013
632,100.012573,91.844298,89.329907,91.358653,81.452959,54.647563,79.192728,72.399144,72.686625,70.074147
630,100.026818,91.860784,89.325134,91.37165,81.509668,54.64882,79.186631,72.358999,72.654737,70.048104
628,100.022577,91.844768,89.300134,91.366699,81.525722,54.63938,79.174935,72.308575,72.599971,70.010856
626,100.012335,91.845909,89.277179,91.366163,81.512355,54.62713,79.158966,72.23796,72.532937,69.965115
624,100.013907,91.843893,89.264011,91.368898,81.48186,54.61655,79.140451,72.170903,72.457995,69.919572
622,100.013687,91.837014,89.244049,91.365045,81.431446,54.605264,79.113153,72.109636,72.371049,69.866725
620,100.016624,91.835598,89.228173,91.361411,81.369755,54.598167,79.096265,72.044636,72.290419,69.817546
618,100.029127,91.846629,89.212942,91.36129,81.297463,54.590593,79.081398,71.977266,72.213331,69.774976
616,100.027218,91.860472,89.191757,91.368265,81.218513,54.581376,79.067751,71.916832,72.139202,69.727923
614,100.023109,91.850974,89.180386,91.382543,81.138441,54.581254,79.056659,71.867007,72.091267,69.685648
612,100.024041,91.839702,89.160978,91.38669,81.051264,54.5784,79.038874,71.817513,72.060545,69.637467
610,100.026966,91.848668,89.146176,91.38873,80.975799,54.576131,79.030706,71.773069,72.040102,69.602493
608,100.030517,91.849586,89.143979,91.382006,80.921974,54.577306,79.025298,71.734432,72.032157,69.575791
606,100.027044,91.839319,89.143161,91.377631,80.892803,54.582094,79.02332,71.694023,72.034482,69.548756
604,100.020012,91.859687,89.139452,91.381007,80.886019,54.585631,79.023225,71.644243,72.042283,69.517836
602,100.014453,91.848902,89.135441,91.377875,80.898209,54.583787,79.017628,71.593017,72.046929,69.476577
600,100.014659,91.852677,89.136865,91.375875,80.930931,54.587175,79.017135,71.543193,72.044939,69.434227
598,100.017901,91.850059,89.128808,91.375486,80.975152,54.593484,79.018337,71.489107,72.016912,69.378097
596,100.021143,91.865543,89.121727,91.372595,81.026136,54.599758,79.017049,71.422919,71.965096,69.306548
594,100.026479,91.865683,89.121514,91.375266,81.085598,54.602903,79.010291,71.33493,71.894235,69.224143
592,100.031187,91.853629,89.114352,91.378785,81.131327,54.596108,78.999806,71.236349,71.795943,69.12712
590,100.026374,91.860074,89.100089,91.377759,81.152786,54.59061,78.988042,71.130431,71.662616,69.010166
588,100.025329,91.864166,89.085881,91.381304,81.145524,54.589642,78.973292,71.006559,71.498697,68.880485
586,100.032032,91.849263,89.081162,91.386107,81.106131,54.589268,78.960194,70.872423,71.307891,68.741456
584,100.032142,91.84315,89.079727,91.395721,81.052536,54.587124,78.948763,70.733222,71.088666,68.58736
582,100.031413,91.846452,89.070687,91.400776,80.958988,54.578819,78.931298,70.58369,70.846405,68.420088
580,100.025342,91.866086,89.054324,91.39922,80.826452,54.568474,78.912166,70.421866,70.577794,68.235935
578,100.020212,91.86048,89.033378,91.392674,80.680015,54.555689,78.891483,70.246769,70.27316,68.045297
576,100.021785,91.857553,89.009602,91.385732,80.522273,54.545616,78.86777,70.07587,69.941914,67.849407
574,100.019168,91.861626,88.993355,91.385844,80.350813,54.534009,78.843108,69.905918,69.592729,67.646769
572,100.016446,91.850067,88.984169,91.389531,80.184933,54.519456,78.818835,69.738125,69.231011,67.447573
570,100.0176,91.849197,88.975574,91.395473,80.034131,54.506969,78.795634,69.583906,68.86901,67.256617
568,100.019906,91.8613,88.966591,91.397914,79.893473,54.499471,78.778126,69.442567,68.518734,67.081124
566,100.010266,91.855311,88.948648,91.385007,79.753714,54.489828,78.751179,69.305873,68.194913,66.92095
564,100.009427,91.845458,88.940879,91.37565,79.615762,54.485167,78.726449,69.194873,67.922599,66.785661
562,100.013408,91.851008,88.890844,91.378389,79.443683,54.442426,78.684965,69.095132,67.688103,66.662686
560,100.009849,91.836913,88.841741,91.376313,79.262102,54.398753,78.64352,69.010237,67.515645,66.57038
558,100.007546,91.826752,88.830605,91.377521,79.078096,54.384499,78.614639,68.950588,67.431828,66.516234
556,100.011323,91.830247,88.81487,91.378061,78.865519,54.370834,78.589154,68.910717,67.406331,66.484136
554,100.010592,91.827113,88.788527,91.368885,78.615804,54.357401,78.560327,68.879136,67.400975,66.465733
552,100.009546,91.817315,88.758928,91.364666,78.336293,54.343997,78.523122,68.853255,67.396812,66.45113
550,100.012277,91.831612,88.72893,91.361917,78.032557,54.323186,78.491937,68.826388,67.3876,66.441244
548,100.014169,91.832306,88.70423,91.360589,77.707366,54.301076,78.460298,68.794448,67.359846,66.426814
546,100.010394,91.829744,88.685229,91.363715,77.375918,54.284967,78.433853,68.772283,67.31341,66.414422
544,100.008191,91.831434,88.661984,91.363177,77.041699,54.269582,78.399173,68.751621,67.250912,66.394339
542,100.007982,91.827698,88.63268,91.364883,76.719928,54.254802,78.359166,68.731495,67.172502,66.381609
540,100.003257,91.813683,88.607243,91.359939,76.421757,54.238405,78.327729,68.719292,67.092866,66.362119
538,100.00767,91.819189,88.587057,91.350825,76.160921,54.225086,78.30383,68.709128,67.01571,66.339793
536,100.015132,91.825572,88.569528,91.349095,75.927442,54.215167,78.277007,68.692959,66.934175,66.315127
534,100.014818,91.82177,88.552421,91.346687,75.718955,54.20958,78.249538,68.677064,66.852299,66.287099
532,100.016817,91.805446,88.538125,91.348675,75.549576,54.203476,78.226011,68.662781,66.762559,66.257101
530,100.021443,91.812009,88.517741,91.345026,75.399423,54.192577,78.205896,68.647595,66.65605,66.220469
528,100.005465,91.80944,88.488059,91.336302,75.249895,54.174308,78.17055,68.624139,66.543212,66.175582
526,99.997898,91.795691,88.462306,91.335407,75.109392,54.155335,78.133919,68.602593,66.441437,66.148042
524,100.004203,91.800728,88.444,91.340066,74.980405,54.135541,78.09585,68.581617,66.361237,66.128093
522,100.006407,91.799458,88.414897,91.345573,74.83291,54.11199,78.058744,68.567476,66.302008,66.11588
520,100.00357,91.798865,88.36865,91.34169,74.667953,54.082207,78.01278,68.557872,66.270975,66.106553
518,100.010075,91.804402,88.328507,91.338552,74.495169,54.05623,77.970348,68.555051,66.273352,66.122855
516,100.01626,91.792068,88.297006,91.34436,74.306766,54.02492,77.924463,68.561586,66.311055,66.147725
514,100.014678,91.799602,88.26272,91.342903,74.101574,53.987232,77.874245,68.579912,66.368458,66.18341
512,100.005239,91.793348,88.215257,91.324137,73.878006,53.952923,77.814741,68.600422,66.437062,66.225934
510,100.000314,91.786438,88.173165,91.316536,73.665295,53.913795,77.757008,68.623564,66.520687,66.267789
508,100.004292,91.776187,88.123375,91.319853,73.453888,53.86952,77.699076,68.668696,66.613458,66.324459
506,100.009,91.771052,88.077817,91.327571,73.263882,53.822181,77.644781,68.725591,66.70891,66.383244
504,100.015695,91.765551,88.038292,91.329569,73.098059,53.771654,77.590331,68.771633,66.807749,66.445504
502,100.015381,91.755227,88.003361,91.327344,72.967018,53.720582,77.532851,68.80924,66.900375,66.502886
500,100.018521,91.738828,87.949544,91.315803,72.875095,53.662799,77.464659,68.845546,66.983122,66.555473
498,100.023653,91.731715,87.897607,91.299502,72.813939,53.599436,77.401185,68.885721,67.065412,66.601465
496,100.021671,91.727785,87.842764,91.275011,72.785853,53.527308,77.333601,68.905626,67.132968,66.634212
494,100.026818,91.725078,87.787767,91.272292,72.788479,53.46085,77.272175,68.933639,67.202533,66.668692
492,100.038266,91.712857,87.730225,91.276807,72.802899,53.391002,77.203076,68.978391,67.260088,66.704758
490,100.028752,91.705955,87.66102,91.268935,72.818545,53.312738,77.128778,69.000659,67.311656,66.739455
488,100.011975,91.689911,87.582445,91.253562,72.83495,53.220854,77.042623,69.005955,67.347235,66.771289
486,100.011467,91.682909,87.502722,91.255756,72.854466,53.126108,76.961911,69.019799,67.393758,66.802547
484,100.014218,91.66657,87.434781,91.264716,72.870181,53.042463,76.881686,69.047935,67.447925,66.82454
482,100.008852,91.665088,87.393056,91.253213,72.883642,53.065354,76.855498,69.072591,67.541679,66.862737
480,100.026885,91.680547,87.39429,91.255784,72.913132,53.155566,76.848325,69.110259,67.651378,66.942023
478,100.021413,91.683998,87.379998,91.249817,72.931626,53.201836,76.826656,69.117186,67.767507,66.974894
476,100.01931,91.678547,87.31334,91.241643,72.920676,53.170689,76.758551,69.094619,67.838436,66.979842
474,100.015832,91.673646,87.232423,91.239119,72.913296,53.120359,76.67491,69.070621,67.874132,66.975605
472,100.013937,91.666949,87.155463,91.240595,72.918844,53.063321,76.589572,69.044452,67.905129,66.972006
470,100.019008,91.672615,87.074697,91.233004,72.914299,53.006953,76.492336,69.010488,67.920171,66.94538
468,100.011617,91.660717,86.98965,91.214701,72.915197,52.937375,76.384729,68.955328,67.90696,66.912768
466,100.011302,91.669009,86.898323,91.215623,72.906441,52.871036,76.284527,68.891015,67.87628,66.865241
464,100.002535,91.644182,86.781418,91.199407,72.871835,52.78254,76.161429,68.801248,67.813652,66.79986
462,100.010142,91.639529,86.665089,91.196305,72.819678,52.695286,76.032384,68.71328,67.743098,66.723365
460,100.007398,91.630186,86.557158,91.182865,72.741867,52.596841,75.903142,68.606137,67.649437,66.64655
458,99.994925,91.604199,86.424135,91.173473,72.619992,52.47723,75.762286,68.484014,67.520359,66.534923
456,99.999154,91.600087,86.277126,91.171479,72.452044,52.357771,75.615841,68.354195,67.369568,66.418905
454,100.006671,91.589786,86.135969,91.17473,72.213592,52.232843,75.464512,68.211385,67.194421,66.291182
452,99.98739,91.585722,85.982069,91.139281,71.881275,52.090594,75.289676,68.042559,66.964493,66.146036
450,99.982926,91.566084,85.824412,91.121327,71.483809,51.950962,75.125591,67.862919,66.70336,65.987412
448,99.988536,91.549873,85.661832,91.112062,70.977929,51.816566,74.960193,67.671211,66.396016,65.80624
446,100.01318,91.550952,85.495983,91.11592,70.338606,51.658165,74.779583,67.467946,66.024963,65.612242
444,100.023616,91.542211,85.337713,91.106081,69.509647,51.515545,74.598269,67.228618,65.606165,65.389582
442,100.019904,91.515846,85.179327,91.099848,68.500136,51.40541,74.432684,66.988607,65.119126,65.155315
440,100.011715,91.513843,85.013952,91.09613,67.227725,51.27399,74.234562,66.693612,64.535753,64.869853
438,99.998934,91.520179,84.831724,91.085747,65.626425,51.120489,74.020931,66.356971,63.837202,64.525971
436,100.010133,91.515776,84.648187,91.079992,63.684798,50.964115,73.790243,65.985276,63.024455,64.149203
434,99.999039,91.518539,84.439722,91.057563,61.415869,50.791249,73.544539,65.561932,62.100867,63.720826
432,99.993592,91.52379,84.231843,91.042997,58.9091,50.605112,73.287065,65.091165,61.083893,63.248967
430,99.987282,91.500483,84.015988,91.035231,56.31735,50.411303,73.023934,64.587976,59.995511,62.758621
428,100.003316,91.48464,83.827613,91.047444,53.801555,50.229133,72.783229,64.117463,58.906023,62.273916
426,100.011668,91.488126,83.637014,91.034533,51.551302,50.042552,72.550905,63.638748,57.843967,61.781339
424,100.013819,91.484647,83.458361,91.025824,49.741356,49.885648,72.335872,63.204227,56.868872,61.333893
422,100.012864,91.466606,83.317342,91.003886,48.46461,49.731086,72.155549,62.822609,56.01801,60.938118
420,100.008367,91.461396,83.179738,90.987536,47.75206,49.601216,71.984716,62.481053,55.315922,60.599715
418,100.00204,91.453686,83.070446,90.985403,47.585065,49.480773,71.837785,62.192216,54.756446,60.311536
416,99.996885,91.445625,82.97407,90.979265,47.929658,49.367248,71.71515,61.959776,54.316906,60.072422
414,100.000645,91.467193,82.894296,90.979729,48.685144,49.28737,71.600144,61.759742,53.987568,59.878028
412,100.003443,91.460833,82.82075,90.975321,49.696732,49.208103,71.494395,61.58175,53.737117,59.712438
410,100.015072,91.444107,82.730113,90.962784,50.838027,49.130859,71.402102,61.425658,53.540622,59.565074
408,100.016699,91.443098,82.636847,90.95385,51.989804,49.04434,71.294011,61.273509,53.36245,59.416165
406,100.004636,91.451321,82.524181,90.919969,53.108034,48.944368,71.184869,61.124994,53.210342,59.281735
404,100.014888,91.422427,82.436545,90.928118,54.165898,48.857559,71.07169,60.987853,53.097412,59.158459
402,100.012739,91.428069,82.332924,90.90703,55.116307,48.766213,70.957534,60.868509,53.027895,59.046547
400,100.018584,91.401719,82.244442,90.889053,55.973066,48.686512,70.854002,60.777969,53.018056,58.963299
398,100.020005,91.404428,82.136168,90.88128,56.757587,48.597054,70.749853,60.710794,53.05655,58.899962
396,100.007683,91.379318,82.017302,90.836277,57.515135,48.495328,70.623867,60.629548,53.116414,58.850734
394,100.017219,91.36994,81.912212,90.813427,58.285665,48.410985,70.508294,60.551417,53.195358,58.802992
392,100.001734,91.340538,81.76808,90.776871,59.031601,48.3054,70.35357,60.440617,53.235599,58.713346
390,100.003145,91.313322,81.632821,90.738339,59.731499,48.18267,70.190473,60.307602,53.238122,58.597837
388,100.002712,91.245697,81.458658,90.680507,60.341382,48.051586,70.010111,60.134813,53.185444,58.453181
386,100.007816,91.199257,81.274214,90.642589,60.840647,47.90495,69.812146,59.949848,53.072802,58.278649
384,100.012055,91.145948,81.070239,90.585401,61.195325,47.751096,69.616878,59.734319,52.920817,58.088149
382,100.002607,91.105291,80.870424,90.535645,61.430696,47.590322,69.413493,59.523724,52.733844,57.891598
380,100.001413,91.064836,80.666646,90.480729,61.551602,47.405974,69.194425,59.303515,52.534912,57.68178
378,100.024293,91.000092,80.206308,90.445766,61.50821,46.788438,68.708828,58.9682,52.114442,57.301223
376,99.990745,91.009707,80.0652,90.427581,61.484388,46.730016,68.591647,58.80222,52.010074,57.152719
374,100.013064,91.030364,79.930654,90.44841,61.44952,46.667247,68.472316,58.639313,51.897712,57.032049
372,100.001306,91.068415,79.779804,90.427495,61.349805,46.59969,68.351356,58.475822,51.803314,56.927154
370,99.975512,91.072816,79.592259,90.398316,61.197212,46.497457,68.202517,58.311439,51.69348,56.792858
368,100.01415,91.054189,79.415123,90.364482,61.003181,46.39083,68.017441,58.1564,51.605158,56.666779
366,100.027322,91.049753,79.205328,90.333613,60.776037,46.268293,67.833864,58.007463,51.544737,56.546979
364,100.019811,90.986121,78.96895,90.27175,60.500395,46.129371,67.634147,57.828612,51.466297,56.403734
362,100.01154,90.931699,78.720761,90.232386,60.229174,45.977039,67.423178,57.6511,51.401665,56.267889
360,100.021123,90.86913,78.444856,90.156013,59.917862,45.802434,67.157893,57.464269,51.295499,56.129627
358,100.021017,90.794154,78.153717,90.068288,59.613251,45.603988,66.874546,57.269952,51.180361,55.954944
356,100.009257,90.704694,77.854341,89.965672,59.310628,45.379428,66.512996,57.026371,51.021784,55.749631
354,100.011002,90.603276,77.519284,89.858269,59.00062,45.117096,66.110463,56.760772,50.830874,55.510894
352,99.982242,90.489267,77.166563,89.744607,58.668812,44.812004,65.621293,56.450747,50.584748,55.229394
350,99.99575,90.341557,76.804667,89.589552,58.328565,44.468819,65.089848,56.112257,50.287214,54.919263
348,100.0157,90.166922,76.400509,89.421959,57.953319,44.067065,64.452542,55.706813,49.951592,54.571185
346,100.014177,89.967545,75.935173,89.234969,57.515467,43.615978,63.775547,55.277223,49.549003,54.171951
344,100.044508,89.739086,75.456125,89.018849,57.023156,43.146912,63.064573,54.830919,49.115458,53.747018
342,100.030982,89.452751,74.92849,88.756608,56.470817,42.656444,62.341407,54.355733,48.637981,53.309864
340,99.999018,89.132014,74.375982,88.457191,55.851588,42.168572,61.637611,53.853094,48.130782,52.833828
338,99.9952,88.718939,73.775469,88.057832,55.157093,41.67563,60.902153,53.339522,47.599044,52.341723
336,100.010691,88.250845,73.13025,87.635946,54.400071,41.179512,60.170755,52.802921,47.036491,51.838631
334,100.013202,87.705207,72.422597,87.157334,53.555788,40.675153,59.431768,52.228545,46.469524,51.325388
332,100.017566,87.088892,71.670524,86.592954,52.645677,40.143563,58.652444,51.639494,45.890874,50.768821
330,100.011457,86.329922,70.835898,85.929364,51.675876,39.590126,57.826173,51.014429,45.307569,50.192586
328,100.030118,85.470383,69.902422,85.148778,50.635424,39.021667,56.989664,50.37331,44.712002,49.586751
326,100.031321,84.427047,68.873715,84.237637,49.522329,38.423611,56.089453,49.66431,44.091924,48.927015
324,100.006983,83.237238,67.722482,83.184576,48.348682,37.772892,55.125262,48.889883,43.430953,48.20618
322,99.999236,81.890545,66.471853,81.983844,47.162859,37.094583,54.105974,48.034172,42.710051,47.428672
320,100.000546,80.381951,65.029357,80.557316,45.901552,36.299013,53.002658,47.073848,41.877533,46.503329
318,100.012877,78.281782,63.215804,78.739349,44.494681,35.285947,51.751167,45.93779,40.826266,45.327396
316,100.027846,76.254574,61.479492,76.920715,43.133767,34.354882,50.36393,44.688544,39.744429,44.144383
314,99.997359,73.963449,59.565332,74.851223,41.678698,33.310738,48.822546,43.29027,38.510905,42.803882
312,99.994719,71.431291,57.478498,72.571816,40.130424,32.168859,47.127175,41.726236,37.10835,41.297026
310,100.018928,68.603382,55.208676,70.026356,38.423141,30.901998,45.251319,39.998019,35.522089,39.612415
308,100.012656,65.449101,52.687333,67.181401,36.491033,29.475211,43.150627,38.050532,33.697888,37.719506
306,100.021573,61.965413,49.953111,64.04858,34.329672,27.924462,40.861131,35.900789,31.650277,35.608117
304,100.007596,58.242502,47.013062,60.635035,31.926902,26.240338,38.378749,33.573493,29.400433,33.300603
302,100.005835,54.259122,43.91987,56.995277,29.317384,24.458036,35.74719,31.094168,26.983716,30.847655
300,100.00859,50.082814,40.681925,53.163658,26.542459,22.586166,32.988931,28.487512,24.443228,28.254815
298,100.012557,45.720849,37.287387,49.105048,23.644795,20.621014,30.099794,25.760186,21.780982,25.53978
296,100.018065,41.232375,33.801379,44.902502,20.721554,18.601856,27.13925,22.969692,19.078604,22.760069
294,100.005618,36.74453,30.292492,40.631492,17.857953,16.575492,24.170014,20.185815,16.414882,19.992267
292,100.008373,32.345739,26.807817,36.369746,15.090621,14.568082,21.247286,17.478459,13.851642,17.295245
290,100.003966,28.069604,23.392847,32.157494,12.448165,12.613089,18.397099,14.895581,11.460055,14.727683
288,100.009034,23.967742,20.092059,28.056632,9.980698,10.740436,15.677848,12.491489,9.302377,12.350801
286,100.008483,20.119894,16.987023,24.144028,7.794743,8.998942,13.160486,10.337872,7.45621,10.230683
284,100.003965,16.631965,14.148528,20.485658,5.981891,7.43457,10.898616,8.475612,5.953913,8.40115
282,100.008372,13.522799,11.620065,17.152658,4.562299,6.067643,8.916285,6.896271,4.749352,6.845817
280,100.003194,10.811413,9.406024,14.147918,3.481575,4.882774,7.190717,5.551156,3.772587,5.521526
278,99.996146,8.476919,7.495425,11.486158,2.670142,3.867956,5.710705,4.411036,2.974496,4.397933
276,99.994827,6.532277,5.88469,9.184317,2.067963,3.021484,4.468442,3.461317,2.328384,3.458675
274,99.99956,4.95983,4.56356,7.250376,1.612882,2.333386,3.456176,2.688467,1.811604,2.695509
272,99.992192,3.708537,3.497121,5.650202,1.254635,1.782046,2.642113,2.066536,1.398365,2.076433
270,100.002307,2.735401,2.651611,4.349178,0.969646,1.345967,1.997416,1.57209,1.070621,1.583627
268,99.997256,1.983372,1.987861,3.301247,0.743294,1.004522,1.491197,1.182004,0.811235,1.193968
266,100.016446,1.421613,1.478068,2.481501,0.566953,0.742926,1.102658,0.881074,0.609274,0.891928
264,100.02727,1.010788,1.09363,1.852359,0.43029,0.546815,0.810202,0.651841,0.453507,0.661259
262,100.013784,0.713615,0.804624,1.371634,0.323819,0.39985,0.591297,0.478179,0.335305,0.485728
260,100.004044,0.499419,0.589303,1.009203,0.241645,0.289515,0.428534,0.34886,0.245252,0.354325
258,99.998362,0.3464,0.42957,0.738013,0.178578,0.208505,0.307787,0.252521,0.177267,0.256562
256,99.999563,0.2391,0.311421,0.536907,0.131251,0.149377,0.219589,0.18159,0.127429,0.184647
254,100.000328,0.165108,0.225056,0.390599,0.095984,0.106467,0.15637,0.129726,0.091726,0.132565
252,100.010267,0.113458,0.162302,0.283428,0.069574,0.07569,0.110968,0.092292,0.064986,0.094148
250,100.005572,0.077953,0.11647,0.204751,0.05015,0.0531,0.078557,0.065774,0.045561,0.066648
248,100.002186,0.053223,0.082971,0.14703,0.036074,0.036621,0.055095,0.046241,0.032029,0.047115
246,100.009955,0.03574,0.058088,0.105346,0.025817,0.025489,0.037741,0.031724,0.021551,0.032818
244,100.01489,0.023192,0.0404,0.075108,0.017518,0.01708,0.025182,0.021897,0.014014,0.022226
242,100.018741,0.015036,0.027948,0.052498,0.01085,0.01085,0.01644,0.014357,0.009097,0.014467
240,100.023589,0.009412,0.018542,0.036536,0.006693,0.006583,0.010423,0.008777,0.005705,0.008997
238,100.017905,0.004769,0.011864,0.024716,0.004064,0.003405,0.006261,0.004943,0.002746,0.005273
236,99.99098,0.001889,0.00726,0.01606,0.00187,0.00132,0.0033,0.0022,0.00011,0.00275
234,99.978515,0.000111,0.003856,0.009696,-0.00011,-0.00011,0.001322,0.000331,-0.001212,0.000661
232,99.995695,-0.000893,0.001325,0.005409,-0.001325,-0.001214,-0.000331,-0.000773,-0.001545,-0.000552
230,100.011726,-0.00179,-0.000332,0.002544,-0.00177,-0.001881,-0.001106,-0.001549,-0.001991,-0.001438
228,100.011418,-0.00258,-0.00133,0.000887,-0.001663,-0.002106,-0.001219,-0.002217,-0.002217,-0.001663
226,100.015549,-0.002587,-0.001666,0,-0.001888,-0.002221,-0.001444,-0.002777,-0.001999,-0.002221
224,100.00445,-0.003268,-0.002225,-0.001113,-0.002448,-0.002782,-0.001446,-0.002782,-0.002337,-0.00267
222,99.990528,-0.003389,-0.002897,-0.001672,-0.002452,-0.002897,-0.002117,-0.003009,-0.003009,-0.002229
220,99.994198,-0.003734,-0.002678,-0.001451,-0.002455,-0.00279,-0.002455,-0.002901,-0.003013,-0.002343
218,100.006145,-0.003627,-0.002123,-0.001452,-0.002793,-0.003128,-0.002234,-0.002681,-0.002681,-0.002793
216,100.006598,-0.003179,-0.00246,-0.001454,-0.003131,-0.00302,-0.002237,-0.00246,-0.002796,-0.003131
214,100.018027,-0.003412,-0.003135,-0.001456,-0.003023,-0.003023,-0.003023,-0.002799,-0.003247,-0.003023
212,100.029824,-0.00342,-0.003364,-0.002018,-0.002915,-0.003588,-0.003476,-0.003251,-0.003476,-0.003251
210,100.012913,-0.003656,-0.003369,-0.002021,-0.002919,-0.003481,-0.003256,-0.003593,-0.003369,-0.003481
208,100.020926,-0.00401,-0.003263,-0.001688,-0.003488,-0.003713,-0.003263,-0.00405,-0.003263,-0.00315
206,100.020633,-0.004599,-0.003495,-0.002255,-0.004172,-0.004059,-0.00327,-0.004172,-0.003721,-0.003383
204,100.020456,-0.004963,-0.004295,-0.002712,-0.004634,-0.004408,-0.004069,-0.004521,-0.004182,-0.004295
202,100.021745,-0.006257,-0.00487,-0.002605,-0.004644,-0.004757,-0.004983,-0.004983,-0.00487,-0.00487
200,100.008738,-0.006049,-0.005561,-0.003177,-0.00522,-0.005788,-0.004993,-0.005561,-0.005561,-0.005447
